{
    "loss": 19.59979820251465,
    "accuracy": 0.4313725531101227
}