{
    "loss": 0.06994105130434036,
    "accuracy": 0.9901960492134094
}